{
    "_QPVersion": "0.1.1",
    "name": "Monke Computer",
    "id": "MonkeComputer",
    "author": "RedBrumbler fixed by MellowFishy, monkeman101, and YesMonke",
    "version": "1.6.2",
    "packageId": "com.AnotherAxiom.GorillaTag",
    "packageVersion": "1.1.21",
    "type": "Gameplay",
    "isLibrary": true,
    "dependencies": [
    ],
    "modFiles": [
                ],
    "libraryFiles": [
        "libbeatsaber-hook_1_3_3.so",
        "libcustom-types.so",
        "libquest-cosmetic-loader_0_1_3.so",
        "libzip.so"
    ],
    "fileCopies": [
        {
            "name": "Monitor.package",
            "destination": "/sdcard/ModData/com.AnotherAxiom.GorillaTag/Mods/MonkeComputer/Monitor.package"
        }
    ]
}