{
  "sharedDir": "shared",
  "dependenciesDir": "extern",
  "info": {
    "name": "MonkeComputer",
    "id": "monkecomputer",
    "version": "1.6.2",
    "additionalData": {
    }
  },
  "dependencies": [
    {
      "id": "beatsaber-hook",
      "versionRange": "^1.0.0",
      "additionalData": {
        "extraFiles": [
          "src/inline-hook"
        ]
      }
    },
    {
      "id": "custom-types",
      "versionRange": "*",
      "additionalData": {}
    },
    {
      "id": "quest-cosmetic-loader",
      "versionRange": "*",
      "additionalData": {}
    }
  ],
  "additionalData": {}
}